{
    "Alice": 83.33333333333333,
    "Bob": 86.66666666666667,
    "Charlie": 70.0
}